"clientip: Descending", "count"
"243.44.184", 2
"38.145.77.145", 1
"52.249.196.126", 17
"65.154.226.100", 1
"35.243.23.18", 1
"204.13.201.137", 1
"208.87.233.140", 1
"62.210.15.203", 2
"167.160.167.202", 1
"84.17.46.203", 1
"34.237.113.113", 2
"24.4.178.250", 1
"34.245.57.44", 1
"34.245.167.17", 1
"159.65.210.36", 1
"76.104.27.43", 1
"159.65.210.36", 1
"185.17.207.26", 1
"76.104.27.43", 1
"185.17.207.26", 1
"88.107.185.240", 1
"62.67.194.167", 1
"68.183.245.118", 1
"62.67.194.167", 1
"34.237.113.113", 1
"34.222.157.225", 1
"5.62.41.173", 1
"188.166.98.249", 4
"192.81.222.72", 1
"81.161.59.17", 4
"108.62.193.152", 1
"69.25.58.61", 1
"192.81.222.72", 1
"69.25.58.61", 3
"81.161.59.17", 6
"159.65.210.36", 1
"81.161.59.17", 5
"69.164.111.198", 1
"87.115.231.162", 1
"24.4.178.250", 2
"75.119.214.157", 3
"177.39.232.144", 1
"75.119.214.157", 1
"177.39.232.144", 2
"75.119.214.157", 1
"91.231.212.111", 1
"34.222.157.225", 1
"54.189.32.74", 2
"92.56.131.173", 4
"54.145.203.60", 1
"154.121.53.226", 3
"171.13.14.84", 1
"105.103.115.80", 3
"35.243.23.7", 1
"204.13.201.139", 1
"208.87.233.140", 1
"46.101.250.220", 1
"192.253.254.2", 1
"54.145.203.60", 1
"52.64.104.96", 1
"62.67.194.167", 1
"83.31.198.32", 2
"180.235.40.249", 1
"77.68.9.38", 1
"194.62.232.102", 1
"18.130.106.101", 1
"54.198.55.229", 1
"145.239.156.71", 3
"145.239.156.89", 1
"69.164.111.198", 2
"83.31.198.32", 1
"83.31.198.30", 1
"94.228.129.5", 1
"66.249.73.84", 2
"62.11.163.168", 1
"34.222.157.225", 1
"85.26.241.209", 2
"157.55.169.185", 1
"34.222.157.225", 1
"38.145.93.219", 1
"157.55.169.185", 1
"81.161.59.17", 1
"185.217.170.23", 1
"213.33.190.143", 1
"38.108.182.2", 4
"67.137.36.66", 1
"193.128.114.34", 1
"209.99.164.100", 1
"218.229.136.135", 1
"212.129.8.29", 2
"218.229.136.135", 1
"77.68.9.38", 1
"2.236.112.207", 12
"218.229.136.135", 1
"118.127.15.84", 1
"2.236.112.207", 3
"218.229.136.135", 1
"2.236.112.207", 3
"218.229.136.135", 1
"42.236.10.114", 1
"178.148.255.137", 1
"77.68.9.38", 1
"159.203.56.92", 1
"138.197.144.119", 1
"77.68.9.38", 3
"2.236.112.207", 3
"77.68.9.38", 1
"195.21.21.174", 4
"77.139.208.26", 1
"115.89.74.126", 1
"77.139.208.26", 1
"90.187.238.157", 1
"52.58.51.176", 2
"178.148.255.137", 2
"77.68.9.38", 1
"35.205.199.49", 1
"77.68.9.38", 1
"17.58.98.234", 1
"199.59.150.182", 2
"17.58.101.25", 1
"54.36.149.19", 1
"88.99.195.213", 2
"54.36.149.205", 1
"35.233.243.104", 3
"35.199.144.226", 1
"89.166.223.137", 2
"69.25.58.61", 1
"77.68.9.38", 2
"45.132.227.80", 4
"54.190.115.81", 1
"54.202.211.26", 1
"200.229.201.190", 1
"81.161.59.17", 1
"62.67.194.167", 1
"35.243.23.16", 1
"204.13.201.137", 1
"204.93.130.142", 1
"157.55.169.185", 1
"77.68.9.38", 1
"95.25.31.82", 1
"34.222.6.211", 1
"54.36.115.93", 2
"95.49.87.23", 3
"95.49.87.33", 1
"77.68.9.38", 1
"129.204.163.51", 1
"159.89.221.92", 1
"103.123.84.228", 1
"3.249.17.249", 3
"52.249.218.75", 21
"165.100.189.229", 11
"42.188.1.215", 2
"115.89.74.126", 1
"178.148.255.137", 1
"44.234.85.240", 1
"104.222.33.179", 2
"3.17.210.127", 1
"104.222.33.208", 2
"185.220.101.33", 1
"23.129.64.206", 1
"35.161.55.221", 2
"52.59.102.42", 1
"178.148.255.137", 1
"195.201.41.238", 1
"217.138.194.121", 1
"161.69.99.11", 1
"66.129.102.52", 2
"46.4.33.48", 1
"159.146.40.140", 1
"159.89.23.245", 1
"188.87.161.30", 1
"3.80.188.205", 1
"54.81.198.202", 1
"27.115.124.68", 1
"192.71.2.171", 1
"192.71.38.71", 2
"192.71.224.240", 1
"34.216.69.101", 1
"62.210.82.198", 1
"87.115.231.162", 1
"84.17.59.70", 1
"88.107.187.211", 2
"62.210.14.169", 1
"84.17.59.70", 2
"194.187.249.35", 1
"173.44.36.78", 1
"198.12.116.203", 1
"173.44.36.78", 1
"194.187.249.35", 1
"51.75.141.254", 1
"194.187.249.35", 1
"62.210.14.169", 1
"159.89.175.74", 1
"51.15.231.183", 2
"167.172.25.253", 1
"174.138.53.21", 1
"34.237.113.113", 2
"138.197.222.62", 1
"62.115.15.146", 1
"139.59.174.107", 1
"40.118.68.242", 17
"66.249.79.83", 2
"147.78.120.40", 1
"107.152.104.227", 1
"195.88.253.4", 2
"117.50.101.161", 5
"194.127.179.177", 9
"18.202.233.9", 1
"165.22.55.69", 1
"142.93.126.181", 1
"194.127.179.177", 9
"206.189.231.196", 1
"204.13.201.138", 1
"35.243.23.5", 1
"208.87.233.140", 1
"95.49.87.33", 2
"209.239.122.249", 1
"104.248.34.219", 1
"179.61.183.32", 3
"45.13.228.78", 1
